{
    "total_runtime": 31.24857807159424,
    "num_documents": 1,
    "input_load_time": 0,
    "workflows": {
        "create_base_text_units": {
            "overall": 0.17465639114379883,
            "0_orderby": 0.004005908966064453,
            "1_zip": 0.0026772022247314453,
            "2_aggregate_override": 0.004503726959228516,
            "3_chunk": 0.12317085266113281,
            "4_select": 0.002699136734008789,
            "5_unroll": 0.007254123687744141,
            "6_rename": 0.0026178359985351562,
            "7_genid": 0.002609729766845703,
            "8_unzip": 0.0032622814178466797,
            "9_copy": 0.003551483154296875,
            "10_filter": 0.016012907028198242
        },
        "create_base_extracted_entities": {
            "overall": 10.065883874893188,
            "0_entity_extract": 9.879914045333862,
            "1_merge_graphs": 0.013590335845947266,
            "2_snapshot_rows": 0.1694631576538086
        },
        "create_summarized_entities": {
            "overall": 0.07259511947631836,
            "0_summarize_descriptions": 0.03803110122680664,
            "1_snapshot_rows": 0.03110527992248535
        },
        "create_base_entity_graph": {
            "overall": 0.11859774589538574,
            "0_cluster_graph": 0.020790576934814453,
            "1_snapshot_rows": 0.055420875549316406,
            "2_snapshot_rows": 0.032486677169799805,
            "3_select": 0.005915164947509766
        },
        "create_final_entities": {
            "overall": 0.3145298957824707,
            "0_unpack_graph": 0.007633209228515625,
            "1_rename": 0.008050203323364258,
            "2_select": 0.008054733276367188,
            "3_dedupe": 0.008680582046508789,
            "4_rename": 0.007012844085693359,
            "5_filter": 0.017572879791259766,
            "6_text_split": 0.009912729263305664,
            "7_drop": 0.007629871368408203,
            "8_merge": 0.009876489639282227,
            "9_text_embed": 0.201507568359375,
            "10_drop": 0.006768465042114258,
            "11_filter": 0.01572585105895996
        },
        "create_final_nodes": {
            "overall": 0.1355421543121338,
            "0_layout_graph": 0.01046133041381836,
            "1_unpack_graph": 0.007684469223022461,
            "2_unpack_graph": 0.0073125362396240234,
            "3_filter": 0.017563581466674805,
            "4_drop": 0.008102655410766602,
            "5_select": 0.007963418960571289,
            "6_rename": 0.007526397705078125,
            "7_join": 0.0205078125,
            "8_convert": 0.03424525260925293,
            "9_rename": 0.007873296737670898
        },
        "create_final_communities": {
            "overall": 0.20116376876831055,
            "0_unpack_graph": 0.009797811508178711,
            "1_unpack_graph": 0.011523246765136719,
            "2_aggregate_override": 0.013253211975097656,
            "3_join": 0.013154745101928711,
            "4_join": 0.011906623840332031,
            "5_concat": 0.009523868560791016,
            "6_filter": 0.022350549697875977,
            "7_aggregate_override": 0.01342320442199707,
            "8_join": 0.015722036361694336,
            "9_filter": 0.023996829986572266,
            "10_fill": 0.009686708450317383,
            "11_merge": 0.011815547943115234,
            "12_copy": 0.010040998458862305,
            "13_select": 0.01114201545715332
        },
        "join_text_units_to_entity_ids": {
            "overall": 0.05184578895568848,
            "0_select": 0.012057781219482422,
            "1_unroll": 0.014980792999267578,
            "2_aggregate_override": 0.01352834701538086
        },
        "create_final_relationships": {
            "overall": 0.1765275001525879,
            "0_unpack_graph": 0.012068748474121094,
            "1_filter": 0.027185440063476562,
            "2_rename": 0.012037277221679688,
            "3_filter": 0.024734020233154297,
            "4_drop": 0.01230168342590332,
            "5_compute_edge_combined_degree": 0.021879196166992188,
            "6_convert": 0.02958512306213379,
            "7_convert": 0.026863813400268555
        },
        "join_text_units_to_relationship_ids": {
            "overall": 0.07404422760009766,
            "0_select": 0.01676154136657715,
            "1_unroll": 0.015835285186767578,
            "2_aggregate_override": 0.014210700988769531,
            "3_select": 0.01354360580444336
        },
        "create_final_community_reports": {
            "overall": 16.429800033569336,
            "0_prepare_community_reports_nodes": 0.014684915542602539,
            "1_prepare_community_reports_edges": 0.015163660049438477,
            "2_restore_community_hierarchy": 0.019589900970458984,
            "3_prepare_community_reports": 0.039212703704833984,
            "4_create_community_reports": 16.314007997512817,
            "5_window": 0.01419973373413086
        },
        "create_final_text_units": {
            "overall": 0.14493823051452637,
            "0_select": 0.016244888305664062,
            "1_rename": 0.022547483444213867,
            "2_join": 0.029101848602294922,
            "3_join": 0.019713640213012695,
            "4_aggregate_override": 0.024677038192749023,
            "5_select": 0.018034696578979492
        },
        "create_base_documents": {
            "overall": 0.17119216918945312,
            "0_unroll": 0.017134666442871094,
            "1_select": 0.015667200088500977,
            "2_rename": 0.015079975128173828,
            "3_join": 0.017887353897094727,
            "4_aggregate_override": 0.01633763313293457,
            "5_join": 0.023990631103515625,
            "6_rename": 0.016554832458496094,
            "7_convert": 0.03362154960632324
        },
        "create_final_documents": {
            "overall": 0.03681325912475586,
            "0_rename": 0.017429351806640625
        }
    }
}