{
    "total_runtime": 61612.22321462631,
    "num_documents": 609,
    "input_load_time": 0,
    "workflows": {
        "create_base_text_units": {
            "overall": 1.2096478939056396,
            "0_orderby": 0.005118370056152344,
            "1_zip": 0.003259420394897461,
            "2_aggregate_override": 0.00887155532836914,
            "3_chunk": 1.0651795864105225,
            "4_select": 0.005581855773925781,
            "5_unroll": 0.004497528076171875,
            "6_rename": 0.00311279296875,
            "7_genid": 0.07540249824523926,
            "8_unzip": 0.004608154296875,
            "9_copy": 0.0038290023803710938,
            "10_filter": 0.027428150177001953
        },
        "create_base_extracted_entities": {
            "overall": 44118.877584934235,
            "0_entity_extract": 44117.46819519997,
            "1_merge_graphs": 1.2408628463745117,
            "2_snapshot_rows": 0.16381525993347168
        },
        "create_summarized_entities": {
            "overall": 3000.1408705711365,
            "0_summarize_descriptions": 3000.0089247226715,
            "1_snapshot_rows": 0.125838041305542
        },
        "create_base_entity_graph": {
            "overall": 5.4040234088897705,
            "0_cluster_graph": 4.498945236206055,
            "1_snapshot_rows": 0.48378705978393555,
            "2_snapshot_rows": 0.4063096046447754,
            "3_select": 0.010569095611572266
        },
        "create_final_entities": {
            "overall": 99.64752864837646,
            "0_unpack_graph": 2.240381956100464,
            "1_rename": 0.012006759643554688,
            "2_select": 0.009381771087646484,
            "3_dedupe": 0.01300811767578125,
            "4_rename": 0.0064122676849365234,
            "5_filter": 0.06685328483581543,
            "6_text_split": 0.04473733901977539,
            "7_drop": 0.012187719345092773,
            "8_merge": 0.7273242473602295,
            "9_text_embed": 96.42517280578613,
            "10_drop": 0.015347719192504883,
            "11_filter": 0.06981992721557617
        },
        "create_final_nodes": {
            "overall": 13.606805562973022,
            "0_layout_graph": 7.466606140136719,
            "1_unpack_graph": 2.900761842727661,
            "2_unpack_graph": 2.830047845840454,
            "3_drop": 0.010875940322875977,
            "4_filter": 0.22127914428710938,
            "5_select": 0.008532285690307617,
            "6_rename": 0.007823705673217773,
            "7_convert": 0.047188758850097656,
            "8_join": 0.08659768104553223,
            "9_rename": 0.020641088485717773
        },
        "create_final_communities": {
            "overall": 8.549870252609253,
            "0_unpack_graph": 2.532461643218994,
            "1_unpack_graph": 2.5474798679351807,
            "2_aggregate_override": 0.03167366981506348,
            "3_join": 0.176316499710083,
            "4_join": 0.2064216136932373,
            "5_concat": 0.027158737182617188,
            "6_filter": 2.7281126976013184,
            "7_aggregate_override": 0.10151958465576172,
            "8_join": 0.014714241027832031,
            "9_filter": 0.04067111015319824,
            "10_fill": 0.013073921203613281,
            "11_merge": 0.0962989330291748,
            "12_copy": 0.010481119155883789,
            "13_select": 0.009839057922363281
        },
        "join_text_units_to_entity_ids": {
            "overall": 0.08115935325622559,
            "0_select": 0.010897636413574219,
            "1_unroll": 0.019096851348876953,
            "2_aggregate_override": 0.04174470901489258
        },
        "create_final_relationships": {
            "overall": 2.902313232421875,
            "0_unpack_graph": 2.3393466472625732,
            "1_filter": 0.2189469337463379,
            "2_rename": 0.014151811599731445,
            "3_filter": 0.22965073585510254,
            "4_drop": 0.012585878372192383,
            "5_compute_edge_combined_degree": 0.03527188301086426,
            "6_convert": 0.026868343353271484,
            "7_convert": 0.014112710952758789
        },
        "join_text_units_to_relationship_ids": {
            "overall": 0.09292721748352051,
            "0_select": 0.01312708854675293,
            "1_unroll": 0.01642918586730957,
            "2_aggregate_override": 0.037317752838134766,
            "3_select": 0.014792919158935547
        },
        "create_final_community_reports": {
            "overall": 14353.579118013382,
            "0_prepare_community_reports_nodes": 0.17578363418579102,
            "1_prepare_community_reports_edges": 0.052735090255737305,
            "2_restore_community_hierarchy": 0.15584564208984375,
            "3_prepare_community_reports": 3.0240018367767334,
            "4_create_community_reports": 14350.134024620056,
            "5_window": 0.01546025276184082
        },
        "create_final_text_units": {
            "overall": 0.12032556533813477,
            "0_select": 0.013802528381347656,
            "1_rename": 0.014905452728271484,
            "2_join": 0.02255415916442871,
            "3_join": 0.020172595977783203,
            "4_aggregate_override": 0.021622896194458008,
            "5_select": 0.014688968658447266
        },
        "create_base_documents": {
            "overall": 0.3160402774810791,
            "0_unroll": 0.021430492401123047,
            "1_select": 0.023169517517089844,
            "2_rename": 0.014540433883666992,
            "3_join": 0.1219635009765625,
            "4_aggregate_override": 0.020861148834228516,
            "5_join": 0.02140188217163086,
            "6_rename": 0.01467275619506836,
            "7_convert": 0.0637819766998291
        },
        "create_final_documents": {
            "overall": 0.031865596771240234,
            "0_rename": 0.0167996883392334
        }
    }
}