{
    "total_runtime": 26.81002402305603,
    "num_documents": 1,
    "input_load_time": 0,
    "workflows": {
        "create_base_text_units": {
            "overall": 0.1702883243560791,
            "0_orderby": 0.002195119857788086,
            "1_zip": 0.002965211868286133,
            "2_aggregate_override": 0.004401683807373047,
            "3_chunk": 0.12848854064941406,
            "4_select": 0.002767801284790039,
            "5_unroll": 0.0034341812133789062,
            "6_rename": 0.002466917037963867,
            "7_genid": 0.003960847854614258,
            "8_unzip": 0.003289461135864258,
            "9_copy": 0.002827167510986328,
            "10_filter": 0.011753082275390625
        },
        "create_base_extracted_entities": {
            "overall": 8.533808469772339,
            "0_entity_extract": 8.468626737594604,
            "1_merge_graphs": 0.007562875747680664,
            "2_snapshot_rows": 0.053281545639038086
        },
        "create_summarized_entities": {
            "overall": 0.06538200378417969,
            "0_summarize_descriptions": 0.030139684677124023,
            "1_snapshot_rows": 0.03185272216796875
        },
        "create_base_entity_graph": {
            "overall": 0.10966658592224121,
            "0_cluster_graph": 0.013637781143188477,
            "1_snapshot_rows": 0.05313515663146973,
            "2_snapshot_rows": 0.03345298767089844,
            "3_select": 0.005527019500732422
        },
        "create_final_entities": {
            "overall": 0.2869093418121338,
            "0_unpack_graph": 0.006033420562744141,
            "1_rename": 0.004891633987426758,
            "2_select": 0.005374908447265625,
            "3_dedupe": 0.005800962448120117,
            "4_rename": 0.0051555633544921875,
            "5_filter": 0.012900114059448242,
            "6_text_split": 0.006157636642456055,
            "7_drop": 0.006657838821411133,
            "8_merge": 0.006688117980957031,
            "9_text_embed": 0.20129871368408203,
            "10_drop": 0.006587505340576172,
            "11_filter": 0.014853715896606445
        },
        "create_final_nodes": {
            "overall": 0.1423203945159912,
            "0_layout_graph": 0.016653060913085938,
            "1_unpack_graph": 0.009856462478637695,
            "2_unpack_graph": 0.010943889617919922,
            "3_drop": 0.008513450622558594,
            "4_filter": 0.0208432674407959,
            "5_select": 0.008285999298095703,
            "6_rename": 0.0076677799224853516,
            "7_convert": 0.029737472534179688,
            "8_join": 0.013454914093017578,
            "9_rename": 0.009565353393554688
        },
        "create_final_communities": {
            "overall": 0.19037294387817383,
            "0_unpack_graph": 0.008611202239990234,
            "1_unpack_graph": 0.009569644927978516,
            "2_aggregate_override": 0.012928009033203125,
            "3_join": 0.013240814208984375,
            "4_join": 0.012419939041137695,
            "5_concat": 0.009557008743286133,
            "6_filter": 0.023099422454833984,
            "7_aggregate_override": 0.012960672378540039,
            "8_join": 0.013736724853515625,
            "9_filter": 0.023990631103515625,
            "10_fill": 0.009450912475585938,
            "11_merge": 0.010610580444335938,
            "12_copy": 0.01129913330078125,
            "13_select": 0.010814428329467773
        },
        "join_text_units_to_entity_ids": {
            "overall": 0.04649949073791504,
            "0_select": 0.011519193649291992,
            "1_unroll": 0.011613845825195312,
            "2_aggregate_override": 0.012618303298950195
        },
        "create_final_relationships": {
            "overall": 0.15012812614440918,
            "0_unpack_graph": 0.01638317108154297,
            "1_filter": 0.02415943145751953,
            "2_rename": 0.010547399520874023,
            "3_filter": 0.024306535720825195,
            "4_drop": 0.011615991592407227,
            "5_compute_edge_combined_degree": 0.01594090461730957,
            "6_convert": 0.023543119430541992,
            "7_convert": 0.01134800910949707
        },
        "join_text_units_to_relationship_ids": {
            "overall": 0.07672858238220215,
            "0_select": 0.013023138046264648,
            "1_unroll": 0.014489889144897461,
            "2_aggregate_override": 0.020822763442993164,
            "3_select": 0.017498254776000977
        },
        "create_final_community_reports": {
            "overall": 13.580931901931763,
            "0_prepare_community_reports_nodes": 0.015056610107421875,
            "1_prepare_community_reports_edges": 0.014344215393066406,
            "2_restore_community_hierarchy": 0.01516413688659668,
            "3_prepare_community_reports": 0.024880409240722656,
            "4_create_community_reports": 13.48384714126587,
            "5_window": 0.015410661697387695
        },
        "create_final_text_units": {
            "overall": 0.1434617042541504,
            "0_select": 0.017826318740844727,
            "1_rename": 0.020238637924194336,
            "2_join": 0.024158716201782227,
            "3_join": 0.023090600967407227,
            "4_aggregate_override": 0.026381492614746094,
            "5_select": 0.01635599136352539
        },
        "create_base_documents": {
            "overall": 0.16301631927490234,
            "0_unroll": 0.015554189682006836,
            "1_select": 0.015393257141113281,
            "2_rename": 0.01486515998840332,
            "3_join": 0.018433332443237305,
            "4_aggregate_override": 0.016590595245361328,
            "5_join": 0.020176410675048828,
            "6_rename": 0.01470184326171875,
            "7_convert": 0.03309154510498047
        },
        "create_final_documents": {
            "overall": 0.030567407608032227,
            "0_rename": 0.01585221290588379
        }
    }
}