{
    "total_runtime": 50.81885027885437,
    "num_documents": 3,
    "input_load_time": 0,
    "workflows": {
        "create_base_text_units": {
            "overall": 0.2998828887939453,
            "0_orderby": 0.0037844181060791016,
            "1_zip": 0.0027778148651123047,
            "2_aggregate_override": 0.005776643753051758,
            "3_chunk": 0.2372288703918457,
            "4_select": 0.0048220157623291016,
            "5_unroll": 0.0098876953125,
            "6_rename": 0.005046844482421875,
            "7_genid": 0.0035996437072753906,
            "8_unzip": 0.003940105438232422,
            "9_copy": 0.0036568641662597656,
            "10_filter": 0.016292572021484375
        },
        "create_base_extracted_entities": {
            "overall": 10.838499069213867,
            "0_entity_extract": 10.74726390838623,
            "1_merge_graphs": 0.009330511093139648,
            "2_snapshot_rows": 0.07877993583679199
        },
        "create_summarized_entities": {
            "overall": 5.736504316329956,
            "0_summarize_descriptions": 5.673748970031738,
            "1_snapshot_rows": 0.059377431869506836
        },
        "create_base_entity_graph": {
            "overall": 0.12879610061645508,
            "0_cluster_graph": 0.016841650009155273,
            "1_snapshot_rows": 0.059622764587402344,
            "2_snapshot_rows": 0.04110240936279297,
            "3_select": 0.007033109664916992
        },
        "create_final_entities": {
            "overall": 0.31305623054504395,
            "0_unpack_graph": 0.006674051284790039,
            "1_rename": 0.00799250602722168,
            "2_select": 0.005416154861450195,
            "3_dedupe": 0.02232074737548828,
            "4_rename": 0.005857706069946289,
            "5_filter": 0.013931751251220703,
            "6_text_split": 0.00589299201965332,
            "7_drop": 0.0063169002532958984,
            "8_merge": 0.0069539546966552734,
            "9_text_embed": 0.20352458953857422,
            "10_drop": 0.007408618927001953,
            "11_filter": 0.01510167121887207
        },
        "create_final_nodes": {
            "overall": 0.13709640502929688,
            "0_layout_graph": 0.013234615325927734,
            "1_unpack_graph": 0.00819540023803711,
            "2_unpack_graph": 0.009598731994628906,
            "3_filter": 0.02424454689025879,
            "4_drop": 0.008366584777832031,
            "5_select": 0.007291316986083984,
            "6_rename": 0.008016109466552734,
            "7_convert": 0.02648472785949707,
            "8_join": 0.0131072998046875,
            "9_rename": 0.011951684951782227
        },
        "create_final_communities": {
            "overall": 0.1983168125152588,
            "0_unpack_graph": 0.010572433471679688,
            "1_unpack_graph": 0.010664939880371094,
            "2_aggregate_override": 0.01589202880859375,
            "3_join": 0.013373136520385742,
            "4_join": 0.013442277908325195,
            "5_concat": 0.009166955947875977,
            "6_filter": 0.023209571838378906,
            "7_aggregate_override": 0.011106729507446289,
            "8_join": 0.01249241828918457,
            "9_filter": 0.030072689056396484,
            "10_fill": 0.009583473205566406,
            "11_merge": 0.010680913925170898,
            "12_copy": 0.009900331497192383,
            "13_select": 0.009772777557373047
        },
        "join_text_units_to_entity_ids": {
            "overall": 0.043879032135009766,
            "0_select": 0.011049509048461914,
            "1_unroll": 0.011430740356445312,
            "2_aggregate_override": 0.011845111846923828
        },
        "create_final_relationships": {
            "overall": 0.14199423789978027,
            "0_unpack_graph": 0.011679410934448242,
            "1_filter": 0.023291826248168945,
            "2_rename": 0.011056661605834961,
            "3_filter": 0.024738073348999023,
            "4_drop": 0.011926412582397461,
            "5_compute_edge_combined_degree": 0.014245748519897461,
            "6_convert": 0.023723363876342773,
            "7_convert": 0.01147913932800293
        },
        "join_text_units_to_relationship_ids": {
            "overall": 0.06887078285217285,
            "0_select": 0.013334512710571289,
            "1_unroll": 0.013503789901733398,
            "2_aggregate_override": 0.0177762508392334,
            "3_select": 0.012827396392822266
        },
        "create_final_community_reports": {
            "overall": 29.383277893066406,
            "0_prepare_community_reports_nodes": 0.015020608901977539,
            "1_prepare_community_reports_edges": 0.015128374099731445,
            "2_restore_community_hierarchy": 0.017088651657104492,
            "3_prepare_community_reports": 0.031177759170532227,
            "4_create_community_reports": 29.27639150619507,
            "5_window": 0.014272451400756836
        },
        "create_final_text_units": {
            "overall": 0.13088297843933105,
            "0_select": 0.018122196197509766,
            "1_rename": 0.013986825942993164,
            "2_join": 0.018721818923950195,
            "3_join": 0.023317575454711914,
            "4_aggregate_override": 0.02284383773803711,
            "5_select": 0.0163724422454834
        },
        "create_base_documents": {
            "overall": 0.20206642150878906,
            "0_unroll": 0.017823219299316406,
            "1_select": 0.016849040985107422,
            "2_rename": 0.016817092895507812,
            "3_join": 0.01995110511779785,
            "4_aggregate_override": 0.01769232749938965,
            "5_join": 0.02185821533203125,
            "6_rename": 0.02070903778076172,
            "7_convert": 0.05429553985595703
        },
        "create_final_documents": {
            "overall": 0.03259444236755371,
            "0_rename": 0.01659369468688965
        }
    }
}