{
    "total_runtime": 5833.7055587768555,
    "num_documents": 11,
    "input_load_time": 0,
    "workflows": {
        "create_base_text_units": {
            "overall": 0.5493435859680176,
            "0_orderby": 0.0075223445892333984,
            "1_zip": 0.00592041015625,
            "2_aggregate_override": 0.009138345718383789,
            "3_chunk": 0.4718647003173828,
            "4_select": 0.0061452388763427734,
            "5_unroll": 0.008349895477294922,
            "6_rename": 0.003055572509765625,
            "7_genid": 0.005431652069091797,
            "8_unzip": 0.0038051605224609375,
            "9_copy": 0.003328084945678711,
            "10_filter": 0.01278376579284668
        },
        "create_base_extracted_entities": {
            "overall": 1069.5939226150513,
            "0_entity_extract": 1069.204041004181,
            "1_merge_graphs": 0.20522475242614746,
            "2_snapshot_rows": 0.17883944511413574
        },
        "create_summarized_entities": {
            "overall": 261.0050666332245,
            "0_summarize_descriptions": 260.918869972229,
            "1_snapshot_rows": 0.08209538459777832
        },
        "create_base_entity_graph": {
            "overall": 0.6463718414306641,
            "0_cluster_graph": 0.18694639205932617,
            "1_snapshot_rows": 0.2594923973083496,
            "2_snapshot_rows": 0.19022750854492188,
            "3_select": 0.005915641784667969
        },
        "create_final_entities": {
            "overall": 7.6386003494262695,
            "0_unpack_graph": 0.0705406665802002,
            "1_rename": 0.006433963775634766,
            "2_select": 0.006659030914306641,
            "3_dedupe": 0.01347970962524414,
            "4_rename": 0.005728721618652344,
            "5_filter": 0.02364325523376465,
            "6_text_split": 0.009297847747802734,
            "7_drop": 0.006133079528808594,
            "8_merge": 0.07088875770568848,
            "9_text_embed": 7.392333984375,
            "10_drop": 0.008394718170166016,
            "11_filter": 0.020369291305541992
        },
        "create_final_nodes": {
            "overall": 0.760279655456543,
            "0_layout_graph": 0.3973069190979004,
            "1_unpack_graph": 0.1112055778503418,
            "2_unpack_graph": 0.0953681468963623,
            "3_filter": 0.03070545196533203,
            "4_drop": 0.0076863765716552734,
            "5_select": 0.007889986038208008,
            "6_rename": 0.007031917572021484,
            "7_join": 0.029450416564941406,
            "8_convert": 0.04191279411315918,
            "9_rename": 0.017391204833984375
        },
        "create_final_communities": {
            "overall": 0.8480784893035889,
            "0_unpack_graph": 0.1232450008392334,
            "1_unpack_graph": 0.13352394104003906,
            "2_aggregate_override": 0.022934436798095703,
            "3_join": 0.030498027801513672,
            "4_join": 0.03822207450866699,
            "5_concat": 0.016776561737060547,
            "6_filter": 0.3356180191040039,
            "7_aggregate_override": 0.025833606719970703,
            "8_join": 0.018365859985351562,
            "9_filter": 0.03260159492492676,
            "10_fill": 0.014428853988647461,
            "11_merge": 0.023888349533081055,
            "12_copy": 0.010015010833740234,
            "13_select": 0.01088261604309082
        },
        "join_text_units_to_entity_ids": {
            "overall": 0.07776784896850586,
            "0_select": 0.02392411231994629,
            "1_unroll": 0.014680862426757812,
            "2_aggregate_override": 0.016229867935180664
        },
        "create_final_relationships": {
            "overall": 0.33370304107666016,
            "0_unpack_graph": 0.1217191219329834,
            "1_filter": 0.04268002510070801,
            "2_rename": 0.018687725067138672,
            "3_filter": 0.05188417434692383,
            "4_drop": 0.014121770858764648,
            "5_compute_edge_combined_degree": 0.02428579330444336,
            "6_convert": 0.02961897850036621,
            "7_convert": 0.01859259605407715
        },
        "join_text_units_to_relationship_ids": {
            "overall": 0.09148240089416504,
            "0_select": 0.0135040283203125,
            "1_unroll": 0.018916606903076172,
            "2_aggregate_override": 0.027301549911499023,
            "3_select": 0.017680644989013672
        },
        "create_final_community_reports": {
            "overall": 4485.415384054184,
            "0_prepare_community_reports_nodes": 0.02602696418762207,
            "1_prepare_community_reports_edges": 0.01990365982055664,
            "2_restore_community_hierarchy": 0.023790359497070312,
            "3_prepare_community_reports": 0.37327003479003906,
            "4_create_community_reports": 4484.864063024521,
            "5_window": 0.06520676612854004
        },
        "create_final_text_units": {
            "overall": 0.13724517822265625,
            "0_select": 0.019600629806518555,
            "1_rename": 0.01478886604309082,
            "2_join": 0.022706270217895508,
            "3_join": 0.023175716400146484,
            "4_aggregate_override": 0.02050471305847168,
            "5_select": 0.018918752670288086
        },
        "create_base_documents": {
            "overall": 0.20467519760131836,
            "0_unroll": 0.0174405574798584,
            "1_select": 0.015567541122436523,
            "2_rename": 0.015874385833740234,
            "3_join": 0.021676301956176758,
            "4_aggregate_override": 0.01783299446105957,
            "5_join": 0.022119998931884766,
            "6_rename": 0.01669025421142578,
            "7_convert": 0.062244415283203125
        },
        "create_final_documents": {
            "overall": 0.03756856918334961,
            "0_rename": 0.01724553108215332
        }
    }
}