{
    "total_runtime": 62850.65299701691,
    "num_documents": 175,
    "input_load_time": 0,
    "workflows": {
        "create_base_text_units": {
            "overall": 0.21014618873596191,
            "0_orderby": 0.0023050308227539062,
            "1_zip": 0.0033562183380126953,
            "2_aggregate_override": 0.0051991939544677734,
            "3_chunk": 0.16176152229309082,
            "4_select": 0.004250526428222656,
            "5_unroll": 0.004533529281616211,
            "6_rename": 0.002591848373413086,
            "7_genid": 0.005911111831665039,
            "8_unzip": 0.005718708038330078,
            "9_copy": 0.002935647964477539,
            "10_filter": 0.010000228881835938
        },
        "create_base_extracted_entities": {
            "overall": 433.5966901779175,
            "0_entity_extract": 433.40259075164795,
            "1_merge_graphs": 0.13811111450195312,
            "2_snapshot_rows": 0.053044795989990234
        },
        "create_summarized_entities": {
            "overall": 198.78433752059937,
            "0_summarize_descriptions": 198.7017321586609,
            "1_snapshot_rows": 0.0764763355255127
        },
        "create_base_entity_graph": {
            "overall": 0.6459736824035645,
            "0_cluster_graph": 0.2647082805633545,
            "1_snapshot_rows": 0.19173717498779297,
            "2_snapshot_rows": 0.18028855323791504,
            "3_select": 0.0055179595947265625
        },
        "create_final_entities": {
            "overall": 6.825027942657471,
            "0_unpack_graph": 0.10863971710205078,
            "1_rename": 0.005846977233886719,
            "2_select": 0.00574946403503418,
            "3_dedupe": 0.011455297470092773,
            "4_rename": 0.009679079055786133,
            "5_filter": 0.029911041259765625,
            "6_text_split": 0.014174699783325195,
            "7_drop": 0.010652303695678711,
            "8_merge": 0.06854033470153809,
            "9_text_embed": 6.521752834320068,
            "10_drop": 0.009773015975952148,
            "11_filter": 0.02405238151550293
        },
        "create_final_nodes": {
            "overall": 1.4984261989593506,
            "0_layout_graph": 0.6471772193908691,
            "1_unpack_graph": 0.21381258964538574,
            "2_unpack_graph": 0.24206042289733887,
            "3_filter": 0.05324268341064453,
            "4_drop": 0.017452239990234375,
            "5_select": 0.015736103057861328,
            "6_rename": 0.01120758056640625,
            "7_join": 0.029913663864135742,
            "8_convert": 0.24143528938293457,
            "9_rename": 0.0163271427154541
        },
        "create_final_communities": {
            "overall": 0.853424072265625,
            "0_unpack_graph": 0.16502094268798828,
            "1_unpack_graph": 0.17203283309936523,
            "2_aggregate_override": 0.021049022674560547,
            "3_join": 0.02915644645690918,
            "4_join": 0.023247241973876953,
            "5_concat": 0.013742446899414062,
            "6_filter": 0.2659578323364258,
            "7_aggregate_override": 0.03481698036193848,
            "8_join": 0.017041683197021484,
            "9_filter": 0.03313398361206055,
            "10_fill": 0.012050867080688477,
            "11_merge": 0.029165983200073242,
            "12_copy": 0.012239933013916016,
            "13_select": 0.011864185333251953
        },
        "join_text_units_to_entity_ids": {
            "overall": 0.057242631912231445,
            "0_select": 0.010922431945800781,
            "1_unroll": 0.01613450050354004,
            "2_aggregate_override": 0.019441843032836914
        },
        "create_final_relationships": {
            "overall": 0.32866549491882324,
            "0_unpack_graph": 0.13010811805725098,
            "1_filter": 0.0405271053314209,
            "2_rename": 0.025798559188842773,
            "3_filter": 0.04554295539855957,
            "4_drop": 0.013661384582519531,
            "5_compute_edge_combined_degree": 0.02072906494140625,
            "6_convert": 0.026247501373291016,
            "7_convert": 0.012979507446289062
        },
        "join_text_units_to_relationship_ids": {
            "overall": 0.09113764762878418,
            "0_select": 0.016875267028808594,
            "1_unroll": 0.017812728881835938,
            "2_aggregate_override": 0.021154165267944336,
            "3_select": 0.017719030380249023
        },
        "create_final_community_reports": {
            "overall": 62202.03188705444,
            "0_prepare_community_reports_nodes": 0.024361133575439453,
            "1_prepare_community_reports_edges": 0.019609689712524414,
            "2_restore_community_hierarchy": 0.022557735443115234,
            "3_prepare_community_reports": 0.46742820739746094,
            "4_create_community_reports": 62201.41610503197,
            "5_window": 0.04609823226928711
        },
        "create_final_text_units": {
            "overall": 0.12769532203674316,
            "0_select": 0.017315387725830078,
            "1_rename": 0.013959646224975586,
            "2_join": 0.029254674911499023,
            "3_join": 0.01942300796508789,
            "4_aggregate_override": 0.020514249801635742,
            "5_select": 0.014795541763305664
        },
        "create_base_documents": {
            "overall": 0.23185014724731445,
            "0_unroll": 0.02298712730407715,
            "1_select": 0.015456914901733398,
            "2_rename": 0.017023086547851562,
            "3_join": 0.025897502899169922,
            "4_aggregate_override": 0.024345874786376953,
            "5_join": 0.027232885360717773,
            "6_rename": 0.018066883087158203,
            "7_convert": 0.06444239616394043
        },
        "create_final_documents": {
            "overall": 0.03106856346130371,
            "0_rename": 0.016141176223754883
        }
    }
}