{
    "total_runtime": 44.87453579902649,
    "num_documents": 2,
    "input_load_time": 0,
    "workflows": {
        "create_base_text_units": {
            "overall": 0.20362353324890137,
            "0_orderby": 0.006986379623413086,
            "1_zip": 0.0025124549865722656,
            "2_aggregate_override": 0.004408359527587891,
            "3_chunk": 0.1511399745941162,
            "4_select": 0.0037200450897216797,
            "5_unroll": 0.004338502883911133,
            "6_rename": 0.0027010440826416016,
            "7_genid": 0.0033855438232421875,
            "8_unzip": 0.005801200866699219,
            "9_copy": 0.0032501220703125,
            "10_filter": 0.013610363006591797
        },
        "create_base_extracted_entities": {
            "overall": 12.192262172698975,
            "0_entity_extract": 12.125062942504883,
            "1_merge_graphs": 0.0075359344482421875,
            "2_snapshot_rows": 0.05672001838684082
        },
        "create_summarized_entities": {
            "overall": 7.963928937911987,
            "0_summarize_descriptions": 7.902541875839233,
            "1_snapshot_rows": 0.05657148361206055
        },
        "create_base_entity_graph": {
            "overall": 0.1141970157623291,
            "0_cluster_graph": 0.011341333389282227,
            "1_snapshot_rows": 0.056767940521240234,
            "2_snapshot_rows": 0.036514997482299805,
            "3_select": 0.0051610469818115234
        },
        "create_final_entities": {
            "overall": 0.2687239646911621,
            "0_unpack_graph": 0.006836414337158203,
            "1_rename": 0.005133390426635742,
            "2_select": 0.005100727081298828,
            "3_dedupe": 0.006579160690307617,
            "4_rename": 0.005310535430908203,
            "5_filter": 0.014602422714233398,
            "6_text_split": 0.005822896957397461,
            "7_drop": 0.006174802780151367,
            "8_merge": 0.007032632827758789,
            "9_text_embed": 0.17728304862976074,
            "10_drop": 0.007171630859375,
            "11_filter": 0.017215728759765625
        },
        "create_final_nodes": {
            "overall": 0.14154767990112305,
            "0_layout_graph": 0.00976252555847168,
            "1_unpack_graph": 0.009832382202148438,
            "2_unpack_graph": 0.011245965957641602,
            "3_drop": 0.01065373420715332,
            "4_filter": 0.019867420196533203,
            "5_select": 0.009510993957519531,
            "6_rename": 0.008613348007202148,
            "7_join": 0.014478445053100586,
            "8_convert": 0.03139042854309082,
            "9_rename": 0.009133577346801758
        },
        "create_final_communities": {
            "overall": 0.19494843482971191,
            "0_unpack_graph": 0.0106201171875,
            "1_unpack_graph": 0.009521484375,
            "2_aggregate_override": 0.011788368225097656,
            "3_join": 0.01406717300415039,
            "4_join": 0.012812137603759766,
            "5_concat": 0.009122848510742188,
            "6_filter": 0.021319150924682617,
            "7_aggregate_override": 0.011172056198120117,
            "8_join": 0.014875650405883789,
            "9_filter": 0.026813983917236328,
            "10_fill": 0.01067662239074707,
            "11_merge": 0.011509418487548828,
            "12_copy": 0.010882854461669922,
            "13_select": 0.011888742446899414
        },
        "join_text_units_to_entity_ids": {
            "overall": 0.04679083824157715,
            "0_select": 0.011382818222045898,
            "1_unroll": 0.013175487518310547,
            "2_aggregate_override": 0.012992620468139648
        },
        "create_final_relationships": {
            "overall": 0.14643311500549316,
            "0_unpack_graph": 0.012729167938232422,
            "1_filter": 0.02558135986328125,
            "2_rename": 0.011557579040527344,
            "3_filter": 0.02426624298095703,
            "4_drop": 0.011388540267944336,
            "5_compute_edge_combined_degree": 0.014584541320800781,
            "6_convert": 0.023354053497314453,
            "7_convert": 0.012397050857543945
        },
        "join_text_units_to_relationship_ids": {
            "overall": 0.06745052337646484,
            "0_select": 0.012799501419067383,
            "1_unroll": 0.013901472091674805,
            "2_aggregate_override": 0.014715194702148438,
            "3_select": 0.013434171676635742
        },
        "create_final_community_reports": {
            "overall": 19.740063667297363,
            "0_prepare_community_reports_nodes": 0.013709545135498047,
            "1_prepare_community_reports_edges": 0.01608896255493164,
            "2_restore_community_hierarchy": 0.015679359436035156,
            "3_prepare_community_reports": 0.024479389190673828,
            "4_create_community_reports": 19.641873121261597,
            "5_window": 0.015225410461425781
        },
        "create_final_text_units": {
            "overall": 0.11629581451416016,
            "0_select": 0.015470266342163086,
            "1_rename": 0.015304803848266602,
            "2_join": 0.01917433738708496,
            "3_join": 0.01864767074584961,
            "4_aggregate_override": 0.01681065559387207,
            "5_select": 0.016086578369140625
        },
        "create_base_documents": {
            "overall": 0.18302273750305176,
            "0_unroll": 0.016809701919555664,
            "1_select": 0.015970945358276367,
            "2_rename": 0.015911340713500977,
            "3_join": 0.019144296646118164,
            "4_aggregate_override": 0.018125534057617188,
            "5_join": 0.019321918487548828,
            "6_rename": 0.01530766487121582,
            "7_convert": 0.04796290397644043
        },
        "create_final_documents": {
            "overall": 0.03327655792236328,
            "0_rename": 0.01756429672241211
        }
    }
}