{
    "total_runtime": 70894.97574043274,
    "num_documents": 1,
    "input_load_time": 0,
    "workflows": {
        "create_base_text_units": {
            "overall": 0.2358720302581787,
            "0_orderby": 0.005349636077880859,
            "1_zip": 0.0036449432373046875,
            "2_aggregate_override": 0.010941028594970703,
            "3_chunk": 0.15600872039794922,
            "4_select": 0.005704164505004883,
            "5_unroll": 0.01239919662475586,
            "6_rename": 0.003270387649536133,
            "7_genid": 0.005548238754272461,
            "8_unzip": 0.004864692687988281,
            "9_copy": 0.0031659603118896484,
            "10_filter": 0.01924276351928711
        },
        "create_base_extracted_entities": {
            "overall": 1897.3822057247162,
            "0_entity_extract": 1897.0635764598846,
            "1_merge_graphs": 0.25724315643310547,
            "2_snapshot_rows": 0.05660676956176758
        },
        "create_summarized_entities": {
            "overall": 733.8466923236847,
            "0_summarize_descriptions": 733.7763257026672,
            "1_snapshot_rows": 0.06651425361633301
        },
        "create_base_entity_graph": {
            "overall": 1.3598065376281738,
            "0_cluster_graph": 0.8366944789886475,
            "1_snapshot_rows": 0.3143463134765625,
            "2_snapshot_rows": 0.19611477851867676,
            "3_select": 0.006585597991943359
        },
        "create_final_entities": {
            "overall": 10.967732906341553,
            "0_unpack_graph": 0.2914085388183594,
            "1_rename": 0.00576472282409668,
            "2_select": 0.00798487663269043,
            "3_dedupe": 0.009113311767578125,
            "4_rename": 0.006057024002075195,
            "5_filter": 0.023663997650146484,
            "6_text_split": 0.010829925537109375,
            "7_drop": 0.006871461868286133,
            "8_merge": 0.07988929748535156,
            "9_text_embed": 10.491111993789673,
            "10_drop": 0.006560087203979492,
            "11_filter": 0.02389979362487793
        },
        "create_final_nodes": {
            "overall": 2.226210594177246,
            "0_layout_graph": 1.242630958557129,
            "1_unpack_graph": 0.30626535415649414,
            "2_unpack_graph": 0.3213317394256592,
            "3_filter": 0.0557553768157959,
            "4_drop": 0.011117935180664062,
            "5_select": 0.012015819549560547,
            "6_rename": 0.007906198501586914,
            "7_convert": 0.055849313735961914,
            "8_join": 0.03277468681335449,
            "9_rename": 0.17363286018371582
        },
        "create_final_communities": {
            "overall": 1.6512439250946045,
            "0_unpack_graph": 0.3327031135559082,
            "1_unpack_graph": 0.306272029876709,
            "2_aggregate_override": 0.019382476806640625,
            "3_join": 0.04088115692138672,
            "4_join": 0.03865242004394531,
            "5_concat": 0.012902498245239258,
            "6_filter": 0.7606813907623291,
            "7_aggregate_override": 0.031919002532958984,
            "8_join": 0.013689279556274414,
            "9_filter": 0.025523662567138672,
            "10_fill": 0.009682655334472656,
            "11_merge": 0.027485370635986328,
            "12_copy": 0.01045989990234375,
            "13_select": 0.009574174880981445
        },
        "join_text_units_to_entity_ids": {
            "overall": 0.06070852279663086,
            "0_select": 0.011087894439697266,
            "1_unroll": 0.019077301025390625,
            "2_aggregate_override": 0.017713546752929688
        },
        "create_final_relationships": {
            "overall": 0.5535881519317627,
            "0_unpack_graph": 0.30719876289367676,
            "1_filter": 0.055328369140625,
            "2_rename": 0.011746883392333984,
            "3_filter": 0.09014439582824707,
            "4_drop": 0.012497186660766602,
            "5_compute_edge_combined_degree": 0.020406723022460938,
            "6_convert": 0.028795719146728516,
            "7_convert": 0.01599717140197754
        },
        "join_text_units_to_relationship_ids": {
            "overall": 0.0691065788269043,
            "0_select": 0.013008356094360352,
            "1_unroll": 0.013698816299438477,
            "2_aggregate_override": 0.017949342727661133,
            "3_select": 0.013239145278930664
        },
        "create_final_community_reports": {
            "overall": 68237.78742313385,
            "0_prepare_community_reports_nodes": 0.030000925064086914,
            "1_prepare_community_reports_edges": 0.024578094482421875,
            "2_restore_community_hierarchy": 0.027262210845947266,
            "3_prepare_community_reports": 0.6727628707885742,
            "4_create_community_reports": 68236.90868425369,
            "5_window": 0.06066179275512695
        },
        "create_final_text_units": {
            "overall": 0.17024993896484375,
            "0_select": 0.016737937927246094,
            "1_rename": 0.017281055450439453,
            "2_join": 0.04209637641906738,
            "3_join": 0.027903318405151367,
            "4_aggregate_override": 0.03297162055969238,
            "5_select": 0.019739151000976562
        },
        "create_base_documents": {
            "overall": 0.20452380180358887,
            "0_unroll": 0.02480483055114746,
            "1_select": 0.015810012817382812,
            "2_rename": 0.015378475189208984,
            "3_join": 0.025605201721191406,
            "4_aggregate_override": 0.01939702033996582,
            "5_join": 0.02388930320739746,
            "6_rename": 0.0168917179107666,
            "7_convert": 0.04888796806335449
        },
        "create_final_documents": {
            "overall": 0.03444385528564453,
            "0_rename": 0.017490148544311523
        }
    }
}