{
    "total_runtime": 14197.882070302963,
    "num_documents": 7,
    "input_load_time": 0,
    "workflows": {
        "create_base_text_units": {
            "overall": 0.49294614791870117,
            "0_orderby": 0.007000446319580078,
            "1_zip": 0.00699925422668457,
            "2_aggregate_override": 0.015020608901977539,
            "3_chunk": 0.4049034118652344,
            "4_select": 0.005000591278076172,
            "5_unroll": 0.005007505416870117,
            "6_rename": 0.004998683929443359,
            "7_genid": 0.014798879623413086,
            "8_unzip": 0.004239559173583984,
            "9_copy": 0.005331993103027344,
            "10_filter": 0.0130157470703125
        },
        "create_base_extracted_entities": {
            "overall": 6505.938452243805,
            "0_entity_extract": 6505.72344660759,
            "1_merge_graphs": 0.20599722862243652
        },
        "create_summarized_entities": {
            "overall": 1537.43905210495,
            "0_summarize_descriptions": 1537.4310522079468
        },
        "create_base_entity_graph": {
            "overall": 2.080641984939575,
            "0_cluster_graph": 2.0626533031463623,
            "1_select": 0.010989665985107422
        },
        "create_final_entities": {
            "overall": 17.97360396385193,
            "0_unpack_graph": 0.7194771766662598,
            "1_rename": 0.010003805160522461,
            "2_select": 0.011506795883178711,
            "3_dedupe": 0.014005184173583984,
            "4_rename": 0.009013652801513672,
            "5_filter": 0.046344757080078125,
            "6_text_split": 0.0360255241394043,
            "7_drop": 0.012985944747924805,
            "8_merge": 0.22366952896118164,
            "9_text_embed": 16.840951204299927,
            "10_drop": 0.008015632629394531,
            "11_filter": 0.0346074104309082
        },
        "create_final_nodes": {
            "overall": 6.040874719619751,
            "0_layout_graph": 3.5333964824676514,
            "1_unpack_graph": 1.157531499862671,
            "2_unpack_graph": 1.1180527210235596,
            "3_drop": 0.011988401412963867,
            "4_filter": 0.07981753349304199,
            "5_select": 0.013008594512939453,
            "6_rename": 0.01086282730102539,
            "7_join": 0.03199625015258789,
            "8_convert": 0.05109238624572754,
            "9_rename": 0.015125513076782227
        },
        "create_final_communities": {
            "overall": 3.4264376163482666,
            "0_unpack_graph": 0.6670353412628174,
            "1_unpack_graph": 1.1950438022613525,
            "2_aggregate_override": 0.03787040710449219,
            "3_join": 0.07387828826904297,
            "4_join": 0.14032888412475586,
            "5_concat": 0.020097970962524414,
            "6_filter": 1.0582737922668457,
            "7_aggregate_override": 0.05106210708618164,
            "8_join": 0.021746397018432617,
            "9_filter": 0.04599618911743164,
            "10_fill": 0.017015457153320312,
            "11_merge": 0.050523996353149414,
            "12_copy": 0.016998767852783203,
            "13_select": 0.01900315284729004
        },
        "join_text_units_to_entity_ids": {
            "overall": 0.10451459884643555,
            "0_select": 0.02655506134033203,
            "1_unroll": 0.025087833404541016,
            "2_aggregate_override": 0.03088068962097168
        },
        "create_final_relationships": {
            "overall": 1.3921453952789307,
            "0_unpack_graph": 0.8568675518035889,
            "1_filter": 0.08956456184387207,
            "2_rename": 0.033000946044921875,
            "3_filter": 0.1535205841064453,
            "4_drop": 0.0279543399810791,
            "5_compute_edge_combined_degree": 0.03799867630004883,
            "6_convert": 0.1394510269165039,
            "7_convert": 0.03800344467163086
        },
        "join_text_units_to_relationship_ids": {
            "overall": 0.17990422248840332,
            "0_select": 0.02994990348815918,
            "1_unroll": 0.02803659439086914,
            "2_aggregate_override": 0.07180285453796387,
            "3_select": 0.026113033294677734
        },
        "create_final_community_reports": {
            "overall": 6115.491942882538,
            "0_prepare_community_reports_nodes": 0.12561702728271484,
            "1_prepare_community_reports_edges": 0.05701422691345215,
            "2_restore_community_hierarchy": 0.04557490348815918,
            "3_prepare_community_reports": 1.3097643852233887,
            "4_create_community_reports": 6113.880121469498,
            "5_window": 0.028408050537109375
        },
        "create_final_text_units": {
            "overall": 0.17931699752807617,
            "0_select": 0.018990516662597656,
            "1_rename": 0.03371119499206543,
            "2_join": 0.029998302459716797,
            "3_join": 0.029119014739990234,
            "4_aggregate_override": 0.02949976921081543,
            "5_select": 0.019994497299194336
        },
        "create_base_documents": {
            "overall": 0.4161968231201172,
            "0_unroll": 0.02094244956970215,
            "1_select": 0.023999691009521484,
            "2_rename": 0.020999908447265625,
            "3_join": 0.04174375534057617,
            "4_aggregate_override": 0.035033464431762695,
            "5_join": 0.05197644233703613,
            "6_rename": 0.042543888092041016,
            "7_convert": 0.1562972068786621
        },
        "create_final_documents": {
            "overall": 0.053151607513427734,
            "0_rename": 0.02093029022216797
        }
    }
}